kernel_name,BM,BN,BK,TM,TN,threads_per_block,gflops_median,gflops_stddev,regs_per_thread,smem_bytes,theoretical_occupancy_pct,M,N,K
2d_blocktile,128,128,8,8,8,256,3105.8,10.2,96,4096,25.0,4096,4096,4096
2d_blocktile,128,128,16,8,8,256,3925.5,15.1,96,8192,25.0,4096,4096,4096
2d_blocktile,128,128,24,8,8,256,3450.1,12.4,96,12288,25.0,4096,4096,4096
2d_blocktile,128,128,32,8,8,256,2140.2,8.9,96,16384,12.5,4096,4096,4096
2d_blocktile,128,128,64,8,8,256,1105.6,5.2,96,32768,6.25,4096,4096,4096
2d_blocktile,32,32,16,8,8,256,1850.5,6.1,96,8192,25.0,4096,4096,4096
2d_blocktile,64,64,16,8,8,256,3105.8,11.2,96,8192,25.0,4096,4096,4096
2d_blocktile,96,96,16,8,8,256,3620.4,14.3,96,8192,25.0,4096,4096,4096
2d_blocktile,256,256,16,8,8,256,1250.3,9.5,128,8192,12.5,4096,4096,4096
