kernel_id,kernel_name,M,N,K,gflops_median,gflops_stddev,gflops_p10,gflops_p90,ms_median,ms_stddev,eff_bw_gbs,correctness,max_abs_error,gpu_name,sm_count,compute_cap_major,compute_cap_minor,gpu_mem_gb
0,naive,4096,4096,4096,581.475,3.167,578.416,586.574,236.3628,1.2810,1.14,UNCHECKED,0.000000,NVIDIA GeForce GTX 1080 Ti,28,6,1,10.90
1,coalesced,4096,4096,4096,575.281,2.342,572.932,578.505,238.9074,0.9693,1.12,PASS,0.000003,NVIDIA GeForce GTX 1080 Ti,28,6,1,10.90
2,smem_tiling,4096,4096,4096,1676.434,24.226,1654.046,1684.652,81.9829,1.2646,3.27,PASS,0.000003,NVIDIA GeForce GTX 1080 Ti,28,6,1,10.90
3,1d_blocktile,4096,4096,4096,2886.682,107.638,2723.584,2888.080,47.6114,2.0302,5.64,PASS,0.000003,NVIDIA GeForce GTX 1080 Ti,28,6,1,10.90
4,2d_blocktile,4096,4096,4096,3925.540,235.928,3506.733,3933.824,35.0115,2.5022,7.67,PASS,0.000003,NVIDIA GeForce GTX 1080 Ti,28,6,1,10.90
5,vectorized,4096,4096,4096,4971.303,404.821,4071.732,5029.510,27.6465,2.7769,9.71,PASS,0.000003,NVIDIA GeForce GTX 1080 Ti,28,6,1,10.90
7,double_buffering,4096,4096,4096,4132.574,263.784,3625.777,4143.959,33.2575,2.5488,8.07,PASS,0.000003,NVIDIA GeForce GTX 1080 Ti,28,6,1,10.90
10,cublas_sgemm_fp32,4096,4096,4096,8728.473,1937.507,5081.098,9594.520,15.7460,7.8190,17.05,PASS,0.000000,NVIDIA GeForce GTX 1080 Ti,28,6,1,10.90
5,vectorized,256,256,256,39.575,0.137,39.432,39.767,0.8479,0.0029,1.24,PASS,0.000003,NVIDIA GeForce GTX 1080 Ti,28,6,1,10.90
7,double_buffering,256,256,256,32.316,0.109,32.157,32.444,1.0383,0.0035,1.01,PASS,0.000003,NVIDIA GeForce GTX 1080 Ti,28,6,1,10.90
10,cublas_sgemm_fp32,256,256,256,341.333,3.370,337.814,344.926,0.0983,0.0010,10.67,PASS,0.000000,NVIDIA GeForce GTX 1080 Ti,28,6,1,10.90
5,vectorized,512,512,512,166.758,0.364,166.335,167.184,1.6097,0.0035,2.61,PASS,0.000003,NVIDIA GeForce GTX 1080 Ti,28,6,1,10.90
7,double_buffering,512,512,512,133.408,0.221,133.136,133.679,2.0121,0.0033,2.08,PASS,0.000003,NVIDIA GeForce GTX 1080 Ti,28,6,1,10.90
10,cublas_sgemm_fp32,512,512,512,454.322,0.841,453.536,455.880,0.5908,0.0011,7.10,PASS,0.000000,NVIDIA GeForce GTX 1080 Ti,28,6,1,10.90
5,vectorized,1024,1024,1024,452.410,298.997,229.775,974.151,4.7468,3.1888,3.53,PASS,0.000003,NVIDIA GeForce GTX 1080 Ti,28,6,1,10.90
7,double_buffering,1024,1024,1024,395.951,264.032,200.491,875.674,5.4236,3.3540,3.09,PASS,0.000003,NVIDIA GeForce GTX 1080 Ti,28,6,1,10.90
10,cublas_sgemm_fp32,1024,1024,1024,757.368,7.449,753.260,771.920,2.8355,0.0274,5.92,PASS,0.000000,NVIDIA GeForce GTX 1080 Ti,28,6,1,10.90
5,vectorized,2048,2048,2048,3143.444,1054.281,744.016,3767.223,5.4656,7.8474,12.28,PASS,0.000003,NVIDIA GeForce GTX 1080 Ti,28,6,1,10.90
7,double_buffering,2048,2048,2048,2660.578,840.151,1257.530,3234.038,6.4584,8.3182,10.39,PASS,0.000003,NVIDIA GeForce GTX 1080 Ti,28,6,1,10.90
10,cublas_sgemm_fp32,2048,2048,2048,1589.504,1474.932,795.423,4210.693,10.8083,6.6750,6.21,PASS,0.000000,NVIDIA GeForce GTX 1080 Ti,28,6,1,10.90
5,vectorized,4096,4096,4096,5055.187,427.447,4208.113,5117.599,27.1877,2.8414,9.87,PASS,0.000003,NVIDIA GeForce GTX 1080 Ti,28,6,1,10.90
7,double_buffering,4096,4096,4096,4169.677,277.703,3563.499,4195.904,32.9615,2.6537,8.14,PASS,0.000003,NVIDIA GeForce GTX 1080 Ti,28,6,1,10.90
10,cublas_sgemm_fp32,4096,4096,4096,8775.833,1869.704,5263.365,9711.697,15.6611,7.3777,17.14,PASS,0.000000,NVIDIA GeForce GTX 1080 Ti,28,6,1,10.90
5,vectorized,8192,8192,8192,5012.030,35.462,4967.869,5061.182,219.3745,1.5534,4.89,PASS,0.000003,NVIDIA GeForce GTX 1080 Ti,28,6,1,10.90
7,double_buffering,8192,8192,8192,3995.936,119.792,3793.752,4034.435,275.1575,8.6849,3.90,PASS,0.000003,NVIDIA GeForce GTX 1080 Ti,28,6,1,10.90
10,cublas_sgemm_fp32,8192,8192,8192,8784.566,85.774,8680.782,8868.820,125.1640,1.2390,8.58,PASS,0.000000,NVIDIA GeForce GTX 1080 Ti,28,6,1,10.90
5,vectorized,8192,512,512,669.375,609.323,339.942,1754.216,6.4164,4.0049,8.01,PASS,0.000003,NVIDIA GeForce GTX 1080 Ti,28,6,1,10.90
7,double_buffering,8192,512,512,596.461,662.900,299.164,1734.761,7.2008,4.6660,7.14,PASS,0.000003,NVIDIA GeForce GTX 1080 Ti,28,6,1,10.90
10,cublas_sgemm_fp32,8192,512,512,767.766,1.205,765.943,769.033,5.5941,0.0088,9.18,PASS,0.000000,NVIDIA GeForce GTX 1080 Ti,28,6,1,10.90
5,vectorized,512,8192,512,670.820,597.689,340.226,1818.813,6.4026,4.3442,8.02,PASS,0.000003,NVIDIA GeForce GTX 1080 Ti,28,6,1,10.90
7,double_buffering,512,8192,512,593.380,497.648,299.846,1543.158,7.2381,4.6574,7.10,PASS,0.000003,NVIDIA GeForce GTX 1080 Ti,28,6,1,10.90
10,cublas_sgemm_fp32,512,8192,512,763.573,1.086,762.462,764.965,5.6248,0.0080,9.13,PASS,0.000000,NVIDIA GeForce GTX 1080 Ti,28,6,1,10.90
5,vectorized,512,512,8192,1532.166,581.735,344.977,1651.951,2.8032,6.2745,12.72,PASS,0.000003,NVIDIA GeForce GTX 1080 Ti,28,6,1,10.90
7,double_buffering,512,512,8192,1288.177,447.878,275.071,1359.580,3.3341,6.3487,10.69,PASS,0.000003,NVIDIA GeForce GTX 1080 Ti,28,6,1,10.90
10,cublas_sgemm_fp32,512,512,8192,781.788,8.521,765.608,789.011,5.4938,0.0607,6.49,PASS,0.000000,NVIDIA GeForce GTX 1080 Ti,28,6,1,10.90
5,vectorized,2048,512,4096,2131.635,687.165,908.465,2322.429,4.0300,5.8805,12.49,PASS,0.000003,NVIDIA GeForce GTX 1080 Ti,28,6,1,10.90
7,double_buffering,2048,512,4096,1930.857,644.973,404.177,2065.651,4.4488,7.1259,11.31,PASS,0.000003,NVIDIA GeForce GTX 1080 Ti,28,6,1,10.90
10,cublas_sgemm_fp32,2048,512,4096,1189.452,1020.876,608.836,3348.746,7.2218,4.6022,6.97,PASS,0.000000,NVIDIA GeForce GTX 1080 Ti,28,6,1,10.90
5,vectorized,1024,4096,2048,3136.854,1043.388,734.298,3766.035,5.4769,8.1291,13.79,PASS,0.000003,NVIDIA GeForce GTX 1080 Ti,28,6,1,10.90
7,double_buffering,1024,4096,2048,2622.048,818.444,1238.567,3208.004,6.5521,7.5680,11.52,PASS,0.000003,NVIDIA GeForce GTX 1080 Ti,28,6,1,10.90
10,cublas_sgemm_fp32,1024,4096,2048,1575.104,1550.900,786.344,4408.328,10.9071,6.7923,6.92,PASS,0.000000,NVIDIA GeForce GTX 1080 Ti,28,6,1,10.90
5,vectorized,256,256,16384,461.229,50.707,409.723,503.278,4.6560,0.7499,7.32,PASS,0.000003,NVIDIA GeForce GTX 1080 Ti,28,6,1,10.90
7,double_buffering,256,256,16384,369.412,33.946,338.141,405.874,5.8132,0.5916,5.86,PASS,0.000003,NVIDIA GeForce GTX 1080 Ti,28,6,1,10.90
10,cublas_sgemm_fp32,256,256,16384,579.484,4.618,574.405,584.197,3.7059,0.0301,9.20,PASS,0.000000,NVIDIA GeForce GTX 1080 Ti,28,6,1,10.90
5,vectorized,4096,128,4096,1658.155,725.624,340.956,2112.683,2.5902,5.7976,28.34,PASS,0.000003,NVIDIA GeForce GTX 1080 Ti,28,6,1,10.90
7,double_buffering,4096,128,4096,1339.433,605.868,391.479,1771.991,3.2066,6.2908,22.89,PASS,0.000003,NVIDIA GeForce GTX 1080 Ti,28,6,1,10.90
10,cublas_sgemm_fp32,4096,128,4096,706.112,8.906,693.617,715.459,6.0826,0.0771,12.07,PASS,0.000000,NVIDIA GeForce GTX 1080 Ti,28,6,1,10.90
5,vectorized,3000,1500,1500,2682.866,939.089,675.711,3328.686,5.0319,7.7163,12.52,PASS,0.000003,NVIDIA GeForce GTX 1080 Ti,28,6,1,10.90
7,double_buffering,3000,1500,1500,2311.090,789.426,575.072,2845.278,5.8414,7.9194,10.79,PASS,0.000003,NVIDIA GeForce GTX 1080 Ti,28,6,1,10.90
10,cublas_sgemm_fp32,3000,1500,1500,1502.918,908.486,758.406,3369.178,8.9825,5.5630,7.01,PASS,0.000000,NVIDIA GeForce GTX 1080 Ti,28,6,1,10.90
10,cublas_sgemm_fp32,3001,3001,3001,6048.367,2130.518,1541.937,7536.739,8.9370,12.0752,16.12,PASS,0.000000,NVIDIA GeForce GTX 1080 Ti,28,6,1,10.90
10,cublas_sgemm_fp32,4097,4097,4097,7704.265,1234.479,5426.224,8132.730,17.8524,4.9268,15.04,PASS,0.000000,NVIDIA GeForce GTX 1080 Ti,28,6,1,10.90
5,vectorized,1000,1000,1000,348.074,314.696,225.227,918.005,6.0872,2.5636,2.78,PASS,0.000003,NVIDIA GeForce GTX 1080 Ti,28,6,1,10.90
7,double_buffering,1000,1000,1000,378.256,318.448,186.129,966.342,5.2874,3.3348,3.03,PASS,0.000003,NVIDIA GeForce GTX 1080 Ti,28,6,1,10.90
10,cublas_sgemm_fp32,1000,1000,1000,729.867,9.780,720.976,740.943,2.7402,0.0375,5.84,PASS,0.000000,NVIDIA GeForce GTX 1080 Ti,28,6,1,10.90
5,vectorized,768,768,768,253.506,0.857,252.782,254.894,3.5738,0.0121,2.64,PASS,0.000003,NVIDIA GeForce GTX 1080 Ti,28,6,1,10.90
7,double_buffering,768,768,768,219.974,43.465,219.423,220.693,4.1185,0.4175,2.29,PASS,0.000003,NVIDIA GeForce GTX 1080 Ti,28,6,1,10.90
10,cublas_sgemm_fp32,768,768,768,679.521,16.131,670.255,690.768,1.3332,0.0295,7.08,PASS,0.000000,NVIDIA GeForce GTX 1080 Ti,28,6,1,10.90
10,cublas_sgemm_fp32,511,513,511,458.198,2.625,456.599,459.002,0.5847,0.0035,7.17,PASS,0.000000,NVIDIA GeForce GTX 1080 Ti,28,6,1,10.90
5,vectorized,1024,3000,1024,1420.250,785.000,343.277,2372.020,4.4298,6.3243,9.27,PASS,0.000003,NVIDIA GeForce GTX 1080 Ti,28,6,1,10.90
7,double_buffering,1024,3000,1024,1261.081,688.767,296.691,2095.290,4.9889,7.2411,8.23,PASS,0.000003,NVIDIA GeForce GTX 1080 Ti,28,6,1,10.90
10,cublas_sgemm_fp32,1024,3000,1024,733.481,380.056,730.976,1459.037,8.5775,2.2427,4.79,PASS,0.000000,NVIDIA GeForce GTX 1080 Ti,28,6,1,10.90
10,cublas_sgemm_fp32,3333,3333,3333,6359.984,1618.409,3583.753,6567.800,11.6434,10.2705,15.27,PASS,0.000000,NVIDIA GeForce GTX 1080 Ti,28,6,1,10.90
0,naive,16,16,16,0.384,0.012,0.375,0.394,0.0213,0.0008,0.19,PASS,0.000000,NVIDIA GeForce GTX 1080 Ti,28,6,1,10.90
2,smem_tiling,16,16,16,0.287,0.004,0.282,0.292,0.0285,0.0005,0.14,PASS,0.000000,NVIDIA GeForce GTX 1080 Ti,28,6,1,10.90
7,double_buffering,16,16,16,0.086,0.001,0.085,0.087,0.0953,0.0007,0.04,PASS,0.000000,NVIDIA GeForce GTX 1080 Ti,28,6,1,10.90
10,cublas_sgemm_fp32,16,16,16,0.297,0.006,0.291,0.303,0.0276,0.0005,0.15,PASS,0.000000,NVIDIA GeForce GTX 1080 Ti,28,6,1,10.90
0,naive,32,32,32,1.463,0.016,1.445,1.481,0.0448,0.0005,0.37,PASS,0.000000,NVIDIA GeForce GTX 1080 Ti,28,6,1,10.90
2,smem_tiling,32,32,32,2.203,0.066,2.162,2.238,0.0297,0.0011,0.55,PASS,0.000000,NVIDIA GeForce GTX 1080 Ti,28,6,1,10.90
7,double_buffering,32,32,32,0.411,0.004,0.406,0.415,0.1594,0.0015,0.10,PASS,0.000000,NVIDIA GeForce GTX 1080 Ti,28,6,1,10.90
10,cublas_sgemm_fp32,32,32,32,2.296,0.039,2.253,2.338,0.0285,0.0005,0.57,PASS,0.000000,NVIDIA GeForce GTX 1080 Ti,28,6,1,10.90
0,naive,64,64,64,6.904,0.046,6.852,6.960,0.0759,0.0005,0.86,PASS,0.000001,NVIDIA GeForce GTX 1080 Ti,28,6,1,10.90
2,smem_tiling,64,64,64,11.315,0.103,11.213,11.417,0.0463,0.0004,1.41,PASS,0.000001,NVIDIA GeForce GTX 1080 Ti,28,6,1,10.90
7,double_buffering,64,64,64,1.839,0.014,1.820,1.855,0.2851,0.0022,0.23,PASS,0.000001,NVIDIA GeForce GTX 1080 Ti,28,6,1,10.90
10,cublas_sgemm_fp32,64,64,64,15.604,0.207,15.384,15.815,0.0336,0.0005,1.95,PASS,0.000000,NVIDIA GeForce GTX 1080 Ti,28,6,1,10.90
0,naive,128,128,128,29.388,0.231,29.309,29.621,0.1427,0.0011,1.84,PASS,0.000001,NVIDIA GeForce GTX 1080 Ti,28,6,1,10.90
2,smem_tiling,128,128,128,49.127,0.638,48.778,49.368,0.0854,0.0010,3.07,PASS,0.000001,NVIDIA GeForce GTX 1080 Ti,28,6,1,10.90
7,double_buffering,128,128,128,7.781,0.036,7.734,7.827,0.5391,0.0025,0.49,PASS,0.000001,NVIDIA GeForce GTX 1080 Ti,28,6,1,10.90
10,cublas_sgemm_fp32,128,128,128,83.565,1.654,83.268,84.410,0.0502,0.0009,5.22,PASS,0.000000,NVIDIA GeForce GTX 1080 Ti,28,6,1,10.90
0,naive,256,256,256,45.797,0.537,45.011,46.022,0.7327,0.0087,1.43,PASS,0.000003,NVIDIA GeForce GTX 1080 Ti,28,6,1,10.90
2,smem_tiling,256,256,256,94.705,0.997,93.091,95.256,0.3543,0.0038,2.96,PASS,0.000003,NVIDIA GeForce GTX 1080 Ti,28,6,1,10.90
7,double_buffering,256,256,256,33.032,0.118,32.896,33.169,1.0158,0.0036,1.03,PASS,0.000003,NVIDIA GeForce GTX 1080 Ti,28,6,1,10.90
10,cublas_sgemm_fp32,256,256,256,348.596,3.968,341.333,352.344,0.0963,0.0011,10.89,PASS,0.000000,NVIDIA GeForce GTX 1080 Ti,28,6,1,10.90
